0,341,956
1,444,995
2,342,882
3,339,859
4,451,964
5,9,450
6,449,947
7,-114,273
8,561,1060
9,274,607
10,583,997
11,108,222
12,490,705
13,524,730
14,436,593
15,621,860
16,727,1002
17,336,364
18,290,275
19,773,1021
20,783,1037
21,416,427
22,805,1008
23,727,853
24,798,965
25,-336,-1891
26,-178,-1608
27,704,180
28,666,-160
0,339,955
1,445,995
2,343,882
3,338,858
4,452,964
5,8,480
6,451,947
7,-113,290
8,550,1060
9,274,607
10,587,997
11,110,211
12,492,704
13,524,729
14,279,774
15,624,859
16,727,1001
17,336,364
18,290,275
19,776,1020
20,786,1037
21,413,432
22,805,1008
23,730,852
24,802,965
25,-336,-1891
26,-181,-1653
27,699,191
28,666,-160
0,337,956
1,443,995
2,347,878
3,339,857
4,450,964
5,5,485
6,449,947
7,-116,279
8,554,1058
9,274,608
10,587,997
11,122,174
12,492,704
13,521,731
14,254,826
15,621,860
16,727,1001
17,330,378
18,295,258
19,776,1020
20,795,1036
21,413,432
22,815,1013
23,730,852
24,802,965
25,-336,-1891
26,-178,-1608
27,704,180
28,666,-160
0,336,954
1,445,995
2,336,879
3,335,852
4,449,964
5,5,469
6,451,947
7,-122,259
8,551,1058
9,221,751
10,583,998
11,80,175
12,492,704
13,524,729
14,253,825
15,621,859
16,727,1001
17,333,367
18,295,258
19,779,1020
20,758,1040
21,413,432
22,825,1005
23,730,852
24,805,963
25,-342,-1945
26,-182,-1617
27,707,187
28,659,-147
0,334,954
1,444,995
2,342,882
3,334,854
4,449,965
5,1,483
6,452,946
7,-124,250
8,549,1057
9,223,756
10,587,997
11,75,181
12,494,702
13,524,730
14,254,827
15,618,860
16,716,999
17,333,367
18,295,258
19,779,1020
20,777,1037
21,270,606
22,815,1013
23,730,852
24,802,965
25,-336,-1891
26,-182,-1617
27,712,174
28,666,-160
0,334,953
1,444,995
2,342,881
3,336,858
4,452,964
5,0,496
6,452,946
7,-123,265
8,560,1059
9,230,746
10,583,997
11,75,194
12,494,702
13,524,729
14,254,826
15,615,861
16,718,997
17,329,376
18,295,258
19,779,1020
20,777,1037
21,268,608
22,821,1012
23,730,852
24,796,967
25,-347,-1955
26,-182,-1617
27,712,174
28,659,-147
0,333,953
1,442,995
2,342,881
3,335,859
4,452,964
5,0,513
6,452,946
7,-130,250
8,550,1054
9,234,747
10,585,997
11,76,183
12,494,701
13,521,730
14,256,822
15,615,861
16,718,997
17,329,376
18,295,258
19,779,1020
20,765,1038
21,268,607
22,821,1012
23,739,853
24,776,971
25,-341,-1902
26,-182,-1617
27,712,174
28,666,-160
0,332,953
1,443,995
2,342,883
3,335,859
4,452,964
5,0,513
6,453,946
7,-124,270
8,551,1057
9,229,755
10,585,997
11,23,96
12,494,701
13,523,728
14,260,819
15,615,861
16,718,997
17,329,376
18,295,258
19,779,1020
20,768,1038
21,270,606
22,825,1011
23,740,854
24,749,977
25,-345,-1912
26,-182,-1617
27,705,182
28,665,-164
0,334,952
1,441,994
2,343,883
3,335,859
4,452,964
5,0,513
6,452,945
7,-129,261
8,551,1056
9,236,745
10,584,996
11,23,82
12,500,694
13,526,726
14,257,824
15,618,860
16,718,997
17,335,363
18,297,177
19,779,1020
20,765,1037
21,270,602
22,821,1011
23,747,851
24,719,985
25,-347,-1955
26,-186,-1626
27,711,172
28,665,-164
0,332,953
1,442,994
2,342,886
3,335,859
4,452,964
5,0,513
6,452,944
7,-127,270
8,547,1056
9,232,748
10,586,996
11,23,89
12,500,694
13,526,726
14,257,830
15,618,860
16,718,997
17,333,367
18,293,190
19,779,1020
20,765,1037
21,271,600
22,827,1003
23,747,852
24,719,984
25,-341,-1902
26,-182,-1617
27,711,172
28,664,-168
0,333,953
1,442,994
2,342,887
3,335,859
4,454,960
5,-13,497
6,450,944
7,-128,269
8,549,1054
9,232,748
10,593,994
11,23,82
12,498,696
13,523,728
14,253,830
15,623,857
16,718,997
17,334,361
18,300,170
19,779,1020
20,759,1038
21,271,600
22,824,1004
23,748,853
24,724,983
25,-341,-1902
26,-182,-1617
27,711,172
28,665,-164
29,150,195
30,76,616
31,64,179
32,266,778
0,332,952
1,442,994
2,344,885
3,334,852
4,453,960
5,-10,516
6,450,944
7,-128,269
8,549,1054
9,229,753
10,592,995
11,23,82
12,499,693
13,523,728
14,252,830
15,623,857
16,718,997
17,334,361
18,287,199
19,779,1020
20,762,1038
21,270,599
22,824,1004
23,744,854
24,729,982
25,-347,-1955
26,-182,-1617
27,710,169
28,672,-178
29,156,196
30,115,171
31,63,171
32,266,778
0,332,951
1,442,994
2,345,886
3,339,848
4,460,957
5,-11,517
6,452,944
7,-129,268
8,549,1054
9,236,744
10,592,992
11,23,96
12,499,693
13,525,725
14,256,833
15,625,855
16,718,997
17,331,372
18,292,188
19,779,1020
20,762,1037
21,268,604
22,824,1004
23,748,853
24,721,982
25,-341,-1902
26,-186,-1626
27,711,172
28,672,-178
29,161,188
30,121,121
31,63,165
32,266,778
0,332,952
1,441,990
2,345,884
3,339,848
4,458,957
5,-11,517
6,451,945
7,-129,268
8,549,1054
9,236,746
10,586,996
11,42,160
12,496,693
13,525,725
14,257,833
15,621,855
16,718,997
17,330,370
18,298,168
19,779,1020
20,765,1037
21,267,606
22,824,1004
23,749,855
24,731,979
25,-335,-1850
26,-182,-1617
27,711,172
28,665,-164
29,163,184
30,114,177
31,63,165
32,266,778
0,332,952
1,440,990
2,345,884
3,339,848
4,456,958
5,-11,517
6,452,946
7,-128,272
8,549,1054
9,234,749
10,588,996
11,45,158
12,496,694
13,527,724
14,256,835
15,621,855
16,718,997
17,331,372
18,298,168
19,779,1020
20,765,1037
21,267,606
22,824,1004
23,748,854
24,722,979
25,-328,-1913
26,-182,-1617
27,704,180
28,665,-164
29,170,202
30,114,177
31,63,165
32,266,778
0,332,951
1,439,990
2,338,885
3,331,852
4,461,955
5,-11,521
6,452,946
7,-136,246
8,540,1042
9,232,752
10,584,993
11,-4,42
12,498,691
13,524,725
14,259,823
15,618,856
16,718,997
17,338,360
18,298,168
19,779,1020
20,762,1037
21,268,607
22,824,1004
23,746,857
24,722,979
25,-329,-1956
26,-182,-1617
27,692,196
28,665,-164
29,175,210
30,113,183
31,63,165
32,262,789
0,332,951
1,439,990
2,345,884
3,331,852
4,460,956
5,-11,521
6,452,946
7,-137,252
8,540,1041
9,226,756
10,582,993
11,-4,42
12,498,691
13,530,722
14,259,823
15,616,857
16,718,997
17,335,363
18,254,291
19,779,1020
20,759,1038
21,265,611
22,824,1004
23,743,859
24,706,983
25,-335,-2011
26,-182,-1617
27,704,180
28,666,-160
29,175,224
30,114,191
31,42,174
32,262,791
0,330,951
1,438,991
2,345,883
3,331,852
4,460,956
5,-11,521
6,453,946
7,-131,269
8,527,1042
9,230,752
10,580,994
11,-4,35
12,500,694
13,528,725
14,259,823
15,624,853
16,718,997
17,335,363
18,253,296
19,779,1020
20,762,1038
21,270,606
22,821,1005
23,739,860
24,661,992
25,-335,-2011
26,-175,-1564
27,712,174
28,659,-147
29,178,228
30,114,191
31,42,155
32,262,791
0,332,951
1,437,991
2,341,883
3,331,852
4,460,956
5,-17,498
6,454,946
7,-131,269
8,538,1039
9,228,754
10,580,994
11,-4,49
12,498,696
13,528,725
14,259,823
15,621,854
16,718,997
17,334,369
18,249,305
19,779,1020
20,760,1039
21,268,611
22,818,1006
23,736,861
24,731,979
25,-323,-1902
26,-172,-1522
27,699,191
28,660,-143
29,182,213
30,114,198
31,41,166
32,262,791
0,332,951
1,436,992
2,340,884
3,331,852
4,460,956
5,-16,505
6,455,945
7,-269,-484
8,530,1040
9,228,755
10,580,994
11,-5,26
12,493,700
13,534,722
14,259,823
15,616,857
16,718,997
17,331,379
18,290,322
19,779,1020
20,760,1039
21,268,611
22,821,1006
23,733,864
24,748,975
25,-323,-1902
26,-172,-1522
27,698,188
28,660,-143
29,184,258
30,115,200
31,37,141
32,262,791
0,332,952
1,435,992
2,337,887
3,331,852
4,460,956
5,-16,505
6,454,946
7,-284,-573
8,528,1039
9,235,744
10,580,994
11,-4,42
12,494,701
13,529,726
14,259,823
15,616,857
16,718,997
17,331,379
18,289,329
19,779,1020
20,752,1040
21,269,609
22,818,1007
23,730,865
24,767,973
25,-319,-1891
26,-161,-1496
27,698,188
28,654,-130
29,191,254
30,116,186
31,37,147
32,263,789
0,333,952
1,435,995
2,337,887
3,333,856
4,460,956
5,-16,505
6,449,947
7,-149,241
8,522,1036
9,236,744
10,615,999
11,-4,42
12,488,707
13,528,725
14,259,823
15,613,858
16,718,997
17,328,389
18,287,334
19,779,1020
20,745,1042
21,268,611
22,818,1007
23,724,868
24,767,973
25,-319,-1891
26,-161,-1496
27,691,216
28,647,-117
29,186,288
30,116,186
31,36,159
32,266,786
0,333,952
1,435,995
2,336,887
3,325,860
4,447,960
5,-16,505
6,449,947
7,-148,259
8,522,1042
9,226,756
10,583,998
11,-2,51
12,488,707
13,561,795
14,246,813
15,613,857
16,718,997
17,328,389
18,288,335
19,779,1020
20,742,1042
21,267,613
22,815,1007
23,720,869
24,783,970
25,-269,-484
26,-161,-1496
27,691,216
28,648,-114
29,194,293
30,113,196
31,34,138
32,265,788
0,332,952
1,435,995
2,336,887
3,326,859
4,448,961
5,-16,505
6,446,947
7,-148,259
8,522,1041
9,235,744
10,589,1003
11,-4,49
12,488,707
13,560,798
14,245,815
15,606,861
16,718,997
17,326,394
18,285,338
19,779,1020
20,740,1043
21,270,617
22,815,1007
23,714,871
24,783,970
25,-269,-484
26,-147,-1364
27,657,259
28,642,-98
29,192,308
30,113,196
31,33,142
32,265,787
0,331,954
1,435,995
2,333,889
3,328,860
4,447,960
5,-16,505
6,446,947
7,-148,259
8,513,1037
9,231,749
10,581,997
11,-4,49
12,488,707
13,557,798
14,245,815
15,601,863
16,718,997
17,327,395
18,283,349
19,779,1020
20,737,1043
21,266,616
22,815,1007
23,711,873
24,784,972
25,-284,-573
26,-142,-1292
27,647,273
28,641,-101
29,191,321
30,113,196
31,34,138
32,281,763
0,332,954
1,436,990
2,332,890
3,323,862
4,446,961
5,-16,505
6,446,947
7,-148,259
8,508,1036
9,232,772
10,581,997
11,-4,63
12,473,721
13,550,802
14,245,815
15,596,866
16,718,997
17,323,403
18,281,354
19,779,1020
20,735,1044
21,268,621
22,815,1008
23,711,872
24,778,974
25,-284,-573
26,-146,-1299
27,632,275
28,641,-101
29,195,331
30,113,196
31,33,136
32,416,625
0,331,955
1,433,991
2,330,891
3,324,863
4,442,962
5,-24,454
6,446,947
7,-148,259
8,509,1035
9,233,772
10,573,996
11,-1,94
12,466,724
13,545,805
14,245,815
15,594,867
16,718,997
17,322,409
18,281,360
19,779,1020
20,735,1044
21,267,624
22,812,1007
23,708,874
24,778,974
25,-284,-573
26,-144,-1265
27,626,297
28,641,-101
29,207,360
30,113,196
31,25,174
32,416,625
0,328,955
1,439,990
2,329,890
3,328,863
4,438,962
5,-26,425
6,446,947
7,-148,259
8,508,1036
9,231,774
10,567,996
11,-4,109
12,458,732
13,545,805
14,247,837
15,598,864
16,718,997
17,319,417
18,277,368
19,779,1020
20,730,1045
21,270,624
22,812,1007
23,704,875
24,775,975
25,-284,-573
26,-140,-1199
27,617,311
28,630,-73
29,207,360
30,110,211
31,25,168
32,415,623
0,327,957
1,436,990
2,329,891
3,333,852
4,434,964
5,-25,440
6,446,947
7,-151,262
8,500,1039
9,230,776
10,572,994
11,-4,115
12,464,727
13,543,806
14,248,838
15,595,864
16,718,997
17,319,417
18,277,368
19,779,1020
20,728,1045
21,278,617
22,811,1007
23,705,875
24,775,975
25,-284,-573
26,-140,-1199
27,616,309
28,630,-73
29,214,322
30,110,211
31,32,160
32,412,629
0,326,956
1,426,993
2,326,892
3,324,864
4,434,964
5,-26,444
6,441,943
7,-151,262
8,500,1032
9,229,775
10,566,994
11,-4,96
12,458,732
13,543,806
14,247,841
15,591,866
16,718,997
17,316,419
18,274,377
19,779,1020
20,725,1046
21,267,627
22,786,1010
23,702,876
24,772,975
25,-284,-573
26,-140,-1199
27,622,305
28,630,-73
29,225,277
30,109,204
31,33,173
32,410,630
0,326,957
1,426,993
2,326,892
3,322,865
4,434,963
5,-26,481
6,439,943
7,-149,268
8,502,1031
9,234,779
10,570,994
11,0,168
12,460,730
13,536,811
14,248,842
15,588,867
16,718,997
17,316,419
18,276,373
19,779,1020
20,728,1046
21,267,627
22,780,1011
23,693,879
24,771,974
25,-268,-463
26,-131,-1100
27,641,277
28,592,-9
29,211,330
30,90,33
31,33,202
32,408,633
33,88,655
34,1308,1075
35,394,598
36,369,511
37,728,1033
38,535,718
0,325,958
1,426,993
2,326,892
3,323,866
4,434,963
5,-27,480
6,441,942
7,-150,260
8,498,1031
9,234,779
10,570,994
11,0,168
12,460,730
13,536,811
14,246,843
15,586,868
16,718,997
17,317,421
18,273,375
19,779,1020
20,723,1046
21,263,635
22,780,1012
23,696,878
24,768,975
25,-259,-419
26,-126,-1065
27,632,275
28,592,-9
29,208,339
30,90,33
31,34,197
32,406,635
33,88,655
34,1294,1075
35,394,598
36,369,511
37,725,1034
38,535,718
0,324,958
1,426,993
2,325,893
3,324,869
4,435,959
5,-27,475
6,441,942
7,-150,260
8,495,1030
9,234,784
10,561,994
11,1,191
12,458,732
13,533,814
14,245,841
15,586,868
16,718,997
17,317,421
18,273,375
19,779,1020
20,721,1047
21,273,651
22,780,1012
23,696,878
24,768,975
25,-215,-159
26,-128,-1043
27,617,311
28,587,1
29,209,369
30,85,58
31,33,207
32,403,640
33,103,268
34,1286,1074
35,394,598
36,369,511
37,725,1033
38,535,718
0,325,959
1,422,994
2,323,893
3,320,869
4,429,963
5,-25,525
6,441,942
7,-150,260
8,492,1030
9,233,787
10,561,994
11,2,182
12,458,732
13,532,813
14,243,842
15,578,870
16,718,997
17,314,423
18,273,375
19,779,1020
20,721,1047
21,265,634
22,780,1012
23,693,879
24,765,975
25,-239,-1240
26,-129,-1021
27,621,303
28,581,11
29,211,377
30,85,58
31,36,211
32,400,642
33,102,277
34,1279,1076
35,392,601
36,369,511
37,725,1034
38,535,718
0,321,961
1,429,992
2,322,895
3,324,870
4,437,958
5,-25,525
6,441,942
7,-150,260
8,492,1027
9,232,791
10,561,994
11,1,217
12,458,732
13,528,815
14,242,844
15,574,872
16,718,997
17,307,438
18,266,403
19,779,1020
20,723,1046
21,266,632
22,774,1012
23,690,881
24,762,976
25,-239,-1240
26,-120,-956
27,616,309
28,576,21
29,213,380
30,85,58
31,35,226
32,401,638
33,101,282
34,1279,1076
35,391,604
36,369,511
37,722,1033
38,535,718
0,319,962
1,426,993
2,327,889
3,324,870
4,437,958
5,-25,525
6,441,942
7,-150,260
8,492,1027
9,229,791
10,643,970
11,1,212
12,455,736
13,525,819
14,243,845
15,576,871
16,718,997
17,307,438
18,264,407
19,779,1020
20,721,1047
21,265,637
22,771,1013
23,684,883
24,753,978
25,-239,-1240
26,-118,-931
27,616,307
28,567,44
29,219,383
30,85,58
31,36,222
32,404,637
33,102,284
34,1279,1076
35,395,599
36,369,511
37,723,1034
38,471,765
0,319,965
1,420,1000
2,320,897
3,315,863
4,435,961
5,-25,525
6,441,942
7,-219,-208
8,486,1033
9,234,793
10,637,972
11,2,238
12,452,740
13,526,822
14,248,838
15,577,873
16,718,997
17,306,455
18,264,407
19,779,1020
20,706,1052
21,263,646
22,764,1017
23,683,887
24,748,980
25,-229,-1194
26,-111,-895
27,567,283
28,567,44
29,223,394
30,85,58
31,41,229
32,404,637
33,102,284
34,1279,1076
35,395,599
36,369,511
37,722,1037
38,526,727
0,323,969
1,422,1003
2,323,902
3,315,863
4,435,961
5,-25,525
6,441,942
7,-145,290
8,489,1036
9,234,793
10,559,1003
11,13,228
12,464,743
13,527,831
14,253,840
15,583,881
16,718,997
17,306,455
18,276,430
19,774,1022
20,722,1056
21,271,655
22,764,1017
23,680,898
24,754,986
25,-229,-1194
26,-84,-908
27,572,293
28,578,91
29,239,412
30,85,58
31,45,245
32,414,646
33,117,299
34,1266,1083
35,395,599
36,381,529
37,722,1041
38,497,763
0,327,973
1,425,1007
2,329,905
3,315,863
4,433,974
5,-25,525
6,441,942
7,-141,304
8,493,1038
9,240,812
10,560,1006
11,13,228
12,466,755
13,534,841
14,255,840
15,581,890
16,756,994
17,306,455
18,289,442
19,778,1029
20,715,1063
21,278,657
22,764,1017
23,685,906
24,754,986
25,-151,-994
26,-84,-908
27,585,319
28,587,133
29,248,440
30,85,58
31,61,260
32,416,664
33,126,310
34,1266,1083
35,414,621
36,391,537
37,734,1046
38,497,763
0,330,977
1,435,1014
2,331,912
3,328,881
4,433,974
5,-25,525
6,441,942
7,-134,306
8,491,1041
9,241,807
10,561,1011
11,33,274
12,472,764
13,536,848
14,259,858
15,583,897
16,754,1001
17,330,495
18,289,442
19,779,1035
20,716,1068
21,283,667
22,764,1017
23,689,913
24,754,986
25,-127,-994
26,-84,-908
27,592,350
28,594,151
29,256,445
30,85,58
31,72,275
32,422,672
33,138,321
34,1266,1083
35,415,639
36,392,556
37,725,1053
38,497,763
0,332,980
1,433,1015
2,333,917
3,334,887
4,432,983
5,-25,525
6,441,942
7,-123,338
8,493,1045
9,241,807
10,652,993
11,48,273
12,477,770
13,546,853
14,262,864
15,581,905
16,761,1006
17,330,495
18,289,442
19,782,1040
20,719,1073
21,296,664
22,764,1017
23,685,922
24,754,986
25,-160,-187
26,-84,-908
27,596,357
28,605,175
29,272,246
30,85,58
31,81,292
32,426,682
33,138,321
34,1266,1083
35,424,641
36,401,564
37,729,1058
38,497,763
0,334,982
1,435,1019
2,338,920
3,333,891
4,437,985
5,-25,525
6,441,942
7,-117,339
8,497,1043
9,241,807
10,654,996
11,49,308
12,479,780
13,545,860
14,262,864
15,591,908
16,755,1012
17,343,519
18,289,442
19,779,1046
20,723,1078
21,295,678
22,764,1017
23,689,928
24,754,986
25,-142,-130
26,-84,-908
27,593,393
28,605,195
29,275,252
30,85,58
31,92,306
32,433,691
33,138,321
34,1266,1083
35,409,673
36,401,564
37,734,1063
38,497,763
0,336,985
1,435,1020
2,340,921
3,340,901
4,436,984
5,-25,525
6,441,942
7,-115,341
8,493,1048
9,261,828
10,657,997
11,51,319
12,482,781
13,550,863
14,268,857
15,596,910
16,759,1014
17,348,526
18,275,493
19,787,1048
20,719,1080
21,294,687
22,764,1017
23,688,933
24,754,986
25,-136,-129
26,24,-652
27,596,398
28,619,208
29,275,252
30,85,58
31,95,315
32,426,709
33,138,321
34,1266,1083
35,418,671
36,406,583
37,737,1063
38,497,763
0,337,986
1,437,1020
2,342,923
3,336,900
4,437,987
5,-25,525
6,441,942
7,-110,355
8,492,1045
9,262,832
10,651,999
11,56,322
12,462,801
13,543,868
14,269,876
15,595,914
16,759,1014
17,348,533
18,293,503
19,790,1049
20,715,1081
21,295,690
22,758,1016
23,687,935
24,754,986
25,-135,-136
26,31,-658
27,601,397
28,621,213
29,281,286
30,85,58
31,97,323
32,430,706
33,138,321
34,1266,1083
35,414,679
36,408,586
37,724,1067
38,497,763
0,338,986
1,440,1020
2,342,925
3,336,900
4,440,988
5,21,590
6,441,942
7,-109,353
8,490,1045
9,259,823
10,655,998
11,58,311
12,467,799
13,545,868
14,277,869
15,596,915
16,759,1014
17,350,535
18,295,505
19,788,1050
20,723,1082
21,294,692
22,758,1017
23,684,936
24,754,986
25,-131,-137
26,31,-658
27,617,468
28,617,222
29,283,280
30,85,58
31,97,308
32,424,715
33,138,321
34,1266,1083
35,416,678
36,406,594
37,727,1067
38,497,763
0,338,987
1,430,1023
2,344,930
3,336,900
4,439,989
5,21,590
6,441,942
7,-110,355
8,491,1040
9,274,822
10,653,995
11,57,314
12,352,900
13,545,868
14,274,868
15,589,917
16,759,1014
17,349,534
18,297,508
19,788,1050
20,716,1083
21,294,686
22,758,1017
23,687,935
24,754,986
25,-134,-182
26,31,-658
27,622,465
28,618,225
29,282,272
30,85,58
31,97,308
32,432,709
33,138,321
34,1266,1083
35,416,678
36,406,594
37,729,1067
38,497,763
0,338,987
1,432,1022
2,345,930
3,336,900
4,439,988
5,21,590
6,441,942
7,-112,348
8,486,1041
9,268,831
10,645,994
11,68,275
12,351,899
13,541,870
14,266,877
15,587,917
16,759,1014
17,347,537
18,302,500
19,788,1050
20,710,1083
21,285,699
22,758,1017
23,684,936
24,754,986
25,-134,-182
26,31,-658
27,618,469
28,618,225
29,281,270
30,85,58
31,97,308
32,428,711
33,161,374
34,1266,1083
35,416,678
36,407,595
37,736,1062
38,497,763
0,338,987
1,429,1022
2,343,930
3,336,900
4,438,989
5,22,596
6,441,942
7,-117,339
8,483,1041
9,264,832
10,635,994
11,69,271
12,350,899
13,543,868
14,266,877
15,585,918
16,759,1014
17,346,540
18,295,515
19,788,1050
20,711,1082
21,292,687
22,758,1016
23,687,935
24,754,986
25,-134,-182
26,31,-658
27,613,472
28,612,229
29,274,298
30,85,58
31,96,302
32,421,718
33,160,378
34,1266,1083
35,416,678
36,403,600
37,734,1062
38,497,763
0,338,987
1,425,1023
2,343,930
3,336,900
4,436,987
5,21,592
6,441,942
7,-116,349
8,483,1041
9,264,832
10,636,992
11,68,275
12,349,898
13,535,872
14,267,877
15,577,919
16,759,1014
17,346,540
18,294,519
19,788,1050
20,713,1081
21,283,699
22,757,1016
23,687,935
24,754,986
25,-132,-147
26,31,-658
27,612,470
28,612,229
29,269,259
30,85,58
31,95,311
32,421,715
33,161,374
34,1266,1083
35,416,678
36,401,598
37,731,1062
38,497,763
0,338,988
1,433,1022
2,342,931
3,336,900
4,434,983
5,21,595
6,441,942
7,-116,351
8,479,1036
9,260,820
10,628,992
11,68,269
12,349,900
13,539,867
14,267,877
15,583,916
16,759,1014
17,342,546
18,290,528
19,788,1050
20,712,1081
21,286,691
22,754,1015
23,687,935
24,754,986
25,-130,-128
26,31,-658
27,616,465
28,607,237
29,269,267
30,85,58
31,95,311
32,424,710
33,161,374
34,1266,1083
35,416,678
36,398,599
37,738,1061
38,497,763
0,337,987
1,433,1022
2,343,930
3,338,898
4,432,983
5,21,595
6,441,942
7,-120,339
8,478,1035
9,255,825
10,617,992
11,68,269
12,349,900
13,536,867
14,266,877
15,583,916
16,759,1014
17,337,549
18,288,539
19,788,1050
20,710,1081
21,297,671
22,748,1016
23,684,935
24,754,986
25,-130,-128
26,31,-658
27,619,459
28,607,237
29,264,260
30,85,58
31,95,311
32,420,714
33,161,374
34,1266,1083
35,416,678
36,400,596
37,734,1062
38,503,809
0,336,988
1,432,1022
2,343,930
3,338,898
4,435,980
5,20,594
6,441,942
7,-115,363
8,478,1035
9,255,825
10,628,988
11,69,271
12,349,900
13,537,864
14,266,877
15,585,915
16,759,1014
17,335,550
18,290,538
19,788,1050
20,710,1081
21,281,696
22,745,1015
23,686,934
24,754,986
25,-132,-115
26,31,-658
27,614,461
28,607,237
29,264,260
30,85,58
31,95,311
32,420,713
33,161,374
34,1266,1083
35,400,686
36,401,598
37,728,1061
38,503,809
0,336,987
1,431,1022
2,344,930
3,331,891
4,434,984
5,11,590
6,441,942
7,-117,358
8,473,1034
9,254,824
10,599,993
11,60,294
12,349,900
13,537,864
14,266,877
15,585,914
16,759,1014
17,335,550
18,292,540
19,739,1051
20,705,1080
21,282,692
22,744,1015
23,683,934
24,754,986
25,-123,-28
26,28,272
27,611,467
28,573,279
29,263,265
30,85,58
31,95,311
32,417,714
33,161,374
34,1266,1083
35,400,686
36,400,596
37,724,1063
38,463,794
0,336,986
1,432,1021
2,342,930
3,331,891
4,429,984
5,12,585
6,441,942
7,-118,357
8,472,1033
9,268,826
10,606,990
11,60,294
12,349,900
13,536,863
14,266,877
15,582,915
16,759,1014
17,337,544
18,293,541
19,737,1051
20,705,1080
21,283,673
22,741,1015
23,683,934
24,754,986
25,-123,-28
26,22,279
27,605,468
28,567,283
29,263,265
30,85,58
31,95,311
32,415,714
33,161,374
34,1266,1083
35,400,686
36,398,598
37,724,1062
38,463,794
0,335,987
1,428,1021
2,342,929
3,331,891
4,427,982
5,11,594
6,441,942
7,-117,364
8,465,1037
9,266,827
10,605,988
11,60,294
12,349,900
13,533,862
14,253,825
15,580,916
16,759,1014
17,337,544
18,296,536
19,737,1051
20,707,1079
21,275,703
22,741,1014
23,683,934
24,754,986
25,-123,-15
26,20,319
27,617,455
28,572,277
29,256,271
30,85,58
31,95,311
32,419,712
33,161,374
34,1266,1083
35,400,686
36,399,594
37,725,1061
38,459,795
0,335,986
1,426,1022
2,341,929
3,331,891
4,433,975
5,11,594
6,441,942
7,-119,363
8,462,1036
9,269,821
10,595,988
11,60,294
12,349,900
13,532,861
14,253,825
15,582,914
16,759,1014
17,337,544
18,294,538
19,734,1050
20,713,1078
21,276,703
22,740,1013
23,680,935
24,754,986
25,-123,-15
26,20,297
27,609,464
28,567,283
29,252,279
30,22,-524
31,95,311
32,416,715
33,161,374
34,1266,1083
35,400,686
36,396,596
37,710,1061
38,458,795
0,334,985
1,426,1022
2,338,927
3,331,891
4,432,975
5,11,592
6,441,942
7,-119,367
8,454,1037
9,268,823
10,608,983
11,70,283
12,349,900
13,532,860
14,253,825
15,582,914
16,759,1014
17,337,544
18,297,538
19,734,1050
20,710,1078
21,278,702
22,740,1013
23,679,933
24,754,986
25,-124,-23
26,13,331
27,617,454
28,572,277
29,253,274
30,24,-487
31,93,314
32,413,716
33,161,374
34,1266,1083
35,400,686
36,393,597
37,710,1061
38,458,795
0,332,985
1,426,1022
2,342,929
3,331,891
4,433,974
5,11,592
6,441,942
7,-119,369
8,454,1037
9,268,823
10,607,981
11,65,315
12,349,900
13,529,861
14,260,831
15,582,914
16,759,1014
17,337,544
18,297,538
19,734,1050
20,710,1077
21,278,702
22,740,1013
23,679,932
24,754,986
25,-124,-23
26,13,331
27,617,454
28,571,275
29,251,286
30,26,-483
31,93,314
32,417,714
33,161,374
34,1266,1083
35,411,671
36,393,597
37,708,1061
38,456,796
0,331,984
1,426,1022
2,340,929
3,331,891
4,432,974
5,11,592
6,441,942
7,-120,366
8,455,1030
9,274,818
10,591,1008
11,66,311
12,490,812
13,522,861
14,260,831
15,584,913
16,759,1014
17,337,544
18,302,520
19,741,1045
20,707,1077
21,283,693
22,739,1012
23,676,933
24,754,986
25,-124,-23
26,13,331
27,604,467
28,566,281
29,250,285
30,25,-452
31,93,314
32,413,716
33,161,374
34,1266,1083
35,411,671
36,393,597
37,705,1060
38,458,795
0,332,984
1,426,1022
2,342,929
3,331,891
4,433,974
5,10,591
6,441,942
7,-120,366
8,434,1028
9,274,818
10,591,1008
11,66,311
12,490,816
13,521,861
14,261,831
15,586,913
16,759,1014
17,308,593
18,302,520
19,738,1045
20,710,1077
21,281,696
22,739,1010
23,675,932
24,754,986
25,-125,-30
26,13,331
27,600,469
28,558,263
29,240,269
30,25,-467
31,93,314
32,411,718
33,161,374
34,1266,1083
35,396,684
36,393,597
37,707,1060
38,461,791
0,331,984
1,426,1022
2,341,930
3,331,891
4,429,974
5,11,593
6,441,942
7,-118,370
8,433,1026
9,274,818
10,546,1017
11,66,311
12,496,808
13,519,862
14,260,832
15,586,913
16,759,1014
17,292,620
18,300,502
19,736,1045
20,707,1076
21,284,689
22,736,1011
23,676,933
24,754,986
25,-123,-8
26,13,331
27,596,474
28,562,287
29,237,273
30,25,-452
31,95,344
32,410,720
33,161,374
34,1266,1083
35,396,684
36,393,597
37,707,1059
38,458,795
0,331,983
1,429,1024
2,341,931
3,331,891
4,428,975
5,11,593
6,441,942
7,-120,366
8,433,1026
9,274,818
10,537,1019
11,67,289
12,483,820
13,522,858
14,262,830
15,592,913
16,759,1014
17,288,625
18,297,504
19,738,1044
20,705,1077
21,284,692
22,736,1010
23,679,932
24,754,986
25,-122,-13
26,5,270
27,596,474
28,562,287
29,239,261
30,25,-452
31,96,336
32,410,719
33,161,374
34,1266,1083
35,396,684
36,394,598
37,707,1059
38,459,793
0,331,984
1,427,1022
2,336,927
3,331,891
4,426,975
5,11,592
6,441,942
7,-124,351
8,433,1026
9,274,818
10,546,1017
11,67,289
12,483,820
13,522,858
14,261,830
15,587,914
16,759,1014
17,287,627
18,294,510
19,735,1044
20,703,1077
21,281,697
22,733,1011
23,676,933
24,754,986
25,-122,-13
26,5,270
27,596,474
28,566,281
29,238,266
30,25,-452
31,96,332
32,410,720
33,161,374
34,1266,1083
35,396,684
36,392,601
37,704,1059
38,459,793
0,331,984
1,426,1022
2,335,928
3,331,891
4,428,975
5,11,592
6,441,942
7,-121,359
8,433,1026
9,274,818
10,556,1016
11,67,289
12,487,818
13,523,859
14,261,831
15,575,919
16,759,1014
17,285,629
18,296,507
19,735,1044
20,705,1077
21,280,698
22,733,1011
23,679,933
24,754,986
25,-122,-13
26,5,270
27,596,474
28,566,281
29,237,273
30,25,-452
31,99,349
32,410,719
33,161,374
34,1266,1083
35,396,684
36,392,601
37,704,1059
38,459,793
0,331,984
1,426,1022
2,336,927
3,331,891
4,422,977
5,11,593
6,441,942
7,-119,363
8,433,1026
9,274,818
10,556,1016
11,67,283
12,485,820
13,522,858
14,260,831
15,565,922
16,759,1014
17,282,635
18,295,511
19,737,1043
20,703,1077
21,281,697
22,733,1011
23,674,934
24,754,986
25,-122,-13
26,5,270
27,596,474
28,559,265
29,234,283
30,25,-452
31,100,332
32,411,721
33,161,374
34,1266,1083
35,396,684
36,392,601
37,707,1059
38,458,795
0,331,984
1,426,1022
2,336,928
3,331,891
4,422,977
5,11,593
6,441,942
7,-128,343
8,433,1026
9,274,818
10,558,1016
11,67,308
12,485,820
13,520,859
14,258,833
15,565,923
16,759,1014
17,282,632
18,294,514
19,735,1044
20,705,1077
21,278,702
22,733,1011
23,677,934
24,754,986
25,-122,-13
26,5,270
27,596,474
28,550,277
29,239,261
30,34,-452
31,101,343
32,413,720
33,161,374
34,1266,1083
35,405,667
36,393,602
37,707,1059
38,449,801
0,-943,-21489
0,-1547,-41124
0,-1547,-41124
0,-1547,-41124
0,-1547,-41124
0,-1547,-41124
0,-1547,-41124
0,183,-1075
0,183,-1075
0,183,-1075
0,97,-1005
0,97,-1005
0,97,-1005
0,97,-1005
0,97,-1005
0,97,-1005
0,97,-1005
0,128,-312
0,128,-312
0,128,-312
0,128,-312
0,128,-312
0,128,-312
0,128,-312
0,128,-312
0,128,-312
0,128,-312
0,224,-4088
0,224,-4088
0,224,-4088
0,224,-4088
0,397,-8102
0,397,-8102
0,853,-13725
0,959,-14763
0,469,-6133
0,615,-8380
0,539,-6682
0,470,-4800
0,575,-5728
0,597,-5520
0,597,-5520
0,572,-4402
0,622,-4388
0,533,-3476
0,604,-3823
0,617,-4424
0,586,-4295
0,563,-4475
0,446,-3763
0,446,-3763
0,334,-3520
0,260,-2648
0,235,-2221
0,235,-2221
0,183,-1431
0,173,-1511
0,173,-1511
0,161,-1780
0,120,-1506
0,120,-1506
0,120,-1506
0,120,-1506
0,131,-1579
0,131,-1579
0,155,-1408
0,155,-1408
0,155,-1408
0,155,-1408
0,139,-2777
0,139,-2777
0,139,-2777
0,139,-2777
0,168,-6540
0,175,-8021
0,130,-8389
0,111,-7937
0,24,-7532
0,32,-6621
0,66,-4256
0,47,-3815
0,-7,-5285
0,0,-4997
0,20,-5991
0,-7,-5038
0,11,-6752
0,1,-7233
0,1,-7693
0,-24,-8392
0,-73,-8209
0,-105,-10308
0,-35,-7944
0,-25,-8993
0,-25,-8993
0,40,-6205
0,134,-7766
0,169,-6127
0,195,-6353
0,170,-5756
0,177,-6477
0,249,-6405
0,270,-6717
0,257,-6343
0,245,-4976
0,304,-6458
0,300,-5630
0,287,-5349
0,357,-5619
0,346,-4110
0,382,-4421
0,452,-4578
0,500,-4953
0,522,-4786
0,586,-5622
0,484,-4358
0,472,-4133
0,489,-4323
0,461,-3926
0,437,-3821
0,543,-5026
0,469,-4466
0,489,-5039
0,464,-4840
0,346,-2942
0,511,-4869
0,462,-4200
0,545,-6005
0,545,-6005
0,448,-5805
0,434,-5915
0,485,-6558
0,640,-9234
0,485,-6558
0,740,-10848
0,810,-11684
0,702,-9724
0,448,-5805
0,434,-5915
0,388,-5022
0,364,-5568
0,395,-5763
0,321,-5882
0,346,-7198
0,605,-13417
0,604,-16361
0,543,-14602
0,682,-24957
0,990,-41201
0,-5524,268754
0,-975,55664
0,2546,-141362
0,2726,-164178
0,-2494,152318
0,3924,-315944
0,3338,-241749
0,-6242,455111
0,2546,-141362
0,2410,-124053
0,907,-49665
0,686,-37303
0,628,-40449
0,294,-29424
0,435,-34084
0,521,-46239
0,-3916,317520
0,1307,-104501
0,560,-44141
0,1279,-131598
0,21,-139998
0,2351,928009
0,813,78253
0,813,78253
0,887,33257
0,1137,37224
0,886,22354
0,934,20537
0,1249,23076
0,853,14646
0,607,9888
0,678,10916
0,734,12755
0,1000,17973
0,987,18480
0,929,15842
0,559,10350
0,1441,28248
0,1238,24426
0,1103,20509
0,1079,21921
0,1113,19876
0,1118,19576
0,1079,21921
0,1113,19876
0,1438,25347
1,107,-590
0,2202,44640
1,107,-590
0,1733,34536
1,110,-629
0,1000,17973
1,93,-598
0,1670,28129
1,67,-235
0,1677,28788
1,61,-185
0,2011,34310
1,62,-284
0,1670,28129
1,54,-196
0,1436,23895
1,52,-236
0,1664,27502
1,50,-146
0,1437,24358
1,50,-191
0,1436,23895
1,47,-197
0,1653,26333
1,37,-414
0,1670,28129
1,62,-638
0,2435,39729
1,42,-505
0,1994,33360
1,41,-472
0,1994,33360
1,38,-530
0,1961,31620
1,32,-472
0,1961,31620
1,31,-440
0,2401,38447
1,29,-327
0,3170,51371
1,32,-392
0,3170,51371
1,24,-282
0,1933,30063
1,18,-232
0,2957,45411
1,17,-51
0,2368,37250
1,18,-40
0,1647,25789
1,17,-43
0,1435,22220
1,15,-120
0,1435,22614
1,10,-188
0,1933,30063
1,6,-133
0,1933,30063
1,1,-102
0,1933,30063
1,3,-91
0,1933,30063
1,-1,-98
0,1933,30063
1,-3,-65
0,1933,30063
1,-4,-59
0,1933,30063
1,-8,-108
0,1933,30063
1,-18,-269
0,1933,30063
1,-13,-185
0,1933,30063
1,-16,-266
0,-659,-7368
1,-17,-170
0,-971,-11185
1,-17,-6
0,-658,-7095
1,-17,-6
0,-658,-7095
1,-16,-11
0,-658,-7095
1,-17,16
0,-12738,-165307
1,-19,-8
0,-1047,-12153
1,-16,52
0,-881,-10222
1,-16,66
0,-659,-7368
1,-12,78
0,-218,-2150
1,-6,73
0,-218,-2150
1,-1,24
0,-218,-2150
1,0,48
0,-218,-2150
1,-4,5
0,-218,-2099
1,-5,-4
0,-218,-2099
1,1,57
0,-218,-2099
1,4,88
0,-218,-2099
1,2,80
0,-218,-2099
1,4,88
0,-184,-1699
1,4,95
0,-184,-1699
1,1,50
0,-176,-1680
1,5,90
0,-176,-1680
1,6,105
0,-176,-1680
1,7,132
0,-176,-1680
1,14,141
0,-176,-1680
1,50,295
0,-176,-1680
1,13,127
0,1947,30821
1,9,134
0,2338,36129
1,38,294
0,1658,26904
1,36,291
0,3022,47231
1,4,120
0,-113,-686
1,36,272
0,-109,-581
1,33,269
0,-106,-577
1,34,260
0,-106,-547
1,32,277
0,-99,-400
1,32,277
0,-99,-400
1,30,289
0,577,9451
1,29,283
0,481,8065
1,28,277
0,473,7719
1,26,274
0,513,8285
1,26,274
0,473,7719
1,27,271
0,495,7587
1,25,259
0,661,9364
1,24,253
0,655,9419
1,24,253
0,655,9419
1,-16,59
0,655,9419
1,-15,54
0,655,9419
1,-12,72
0,655,9419
1,-10,106
0,666,10103
1,25,300
0,739,11264
1,24,290
0,660,10169
1,25,304
0,647,10304
1,26,318
0,647,10304
1,21,500
0,647,10304
1,21,485
0,647,10304
1,18,476
0,647,10304
1,13,470
0,647,10304
1,12,469
0,647,10304
1,12,469
0,647,10304
1,9,453
0,647,10304
1,10,477
0,647,10304
1,7,477
0,647,10304
1,7,460
0,647,10304
1,6,337
0,647,10304
1,2,324
0,647,10304
1,-49,146
0,647,10304
1,-62,165
0,647,10304
1,-67,153
0,647,10304
1,-70,173
0,647,10304
1,-74,269
0,647,10304
1,-79,289
0,647,10304
1,-82,303
0,647,10304
1,-79,319
0,-468,-9764
1,-57,312
0,-468,-9764
1,-92,301
0,-468,-9764
1,-94,308
0,-468,-9764
1,-93,307
0,-468,-9764
1,-96,299
0,-468,-9764
1,-95,301
0,-468,-9764
1,-98,291
0,-468,-9764
1,-99,289
0,-468,-9764
1,-98,301
0,-608,-13465
1,-98,297
0,-764,-15673
1,-83,408
0,-1056,-20863
1,-83,416
0,-975,-18650
1,-83,423
0,-932,-18280
1,-82,428
0,-584,-12457
1,-82,436
0,-636,-13678
1,-82,436
0,-932,-18280
1,-81,442
0,-975,-18650
1,-81,442
0,-764,-15673
1,-80,442
0,-851,-17578
1,-81,442
0,-932,-18280
1,-83,433
0,-755,-14588
1,-84,429
0,-871,-16537
1,-83,427
0,-1101,-23066
1,-85,424
0,-1159,-23639
1,-84,426
0,-1007,-20408
1,-85,428
0,-932,-18280
1,-86,424
0,-1282,-24869
1,-86,424
0,-1282,-24869
1,-84,432
0,3564,62441
1,-82,438
0,1706,31796
1,-82,438
0,1103,20509
1,-82,438
0,1439,26426
1,-82,438
0,2094,38762
1,-82,438
0,2909,57206
1,-82,438
0,2909,57206
1,-82,438
0,1252,22662
1,-82,438
0,4186,79918
1,-82,438
0,1123,19285
1,-82,438
0,1128,19004
1,-82,438
0,1113,19876
1,-45,323
0,1113,19876
1,-75,330
0,1113,19876
1,-76,323
0,2653,47778
1,-44,327
0,6063,107732
1,-42,329
0,2603,45905
1,-46,324
0,1438,25347
1,-52,318
0,1670,28129
1,-42,326
0,1658,26904
1,-44,327
0,1977,32465
1,-44,327
0,1128,19004
1,-44,327
0,1269,20482
1,-44,327
0,1128,19004
1,-44,327
0,1677,28788
1,-44,327
0,1264,21156
1,-44,327
0,1266,20813
1,-44,327
0,1269,20482
1,-44,327
0,1272,20163
1,-44,327
0,1276,19556
1,-44,327
0,1056,15848
1,-44,327
0,536,8127
1,-44,327
0,515,7846
1,-44,327
0,613,9826
1,-44,327
0,1279,19268
1,-44,327
0,1434,21475
1,-44,327
0,1434,21840
1,-44,327
0,1146,17966
1,-44,327
0,1041,16423
1,-44,327
0,867,14343
1,-44,327
0,1035,16626
1,-44,327
0,1141,18213
1,-44,327
0,860,14493
1,-44,327
0,853,14646
1,-44,327
0,929,15842
1,-44,327
0,929,15842
1,-44,327
0,1019,17270
1,-44,327
0,1000,17973
1,-44,327
0,-6951,-136232
1,-44,327
0,-22937,-463647
1,-44,327
0,1754,36662
1,-44,327
0,2353,52759
1,-44,327
0,2353,52759
1,-44,327
0,5315,111632
1,-44,327
0,2990,60203
1,-44,327
0,-41147,-811892
1,-44,327
0,-6951,-136232
1,-44,327
0,10498,208540
1,-44,327
0,10498,208540
1,-44,327
0,3182,67295
1,-44,327
0,3182,67295
1,-44,327
0,2144,41483
1,-44,327
0,4954,101505
1,-63,301
0,1442,28917
1,-65,303
0,16102,335941
1,-63,304
0,4954,101505
1,-63,304
0,2271,48346
1,-63,301
0,4954,101505
1,-63,301
0,5315,111632
1,-64,300
0,12639,257222
1,-61,307
0,22655,484899
1,-59,309
0,5315,111632
1,-60,308
0,-4652,-98226
1,-60,308
0,-1101,-23066
1,-59,317
0,-1056,-20863
1,-59,317
0,-6951,-136232
1,-59,317
0,9042,175457
1,-61,310
0,11466,194278
1,-62,313
0,5010,83791
1,-61,310
0,3564,62441
1,-59,317
0,3564,62441
1,-93,186
0,3564,62441
1,-97,135
0,3564,62441
1,-90,144
0,3564,62441
1,-90,128
0,3564,62441
1,-87,128
0,3564,62441
1,-83,127
0,3564,62441
1,-85,77
0,3564,62441
1,-77,70
0,3564,62441
1,-73,69
0,3564,62441
1,-69,98
0,3564,62441
1,-70,62
0,3564,62441
1,-65,12
0,3564,62441
1,-39,175
0,3564,62441
1,-42,155
0,3564,62441
1,-45,59
0,3564,62441
1,-33,177
0,3564,62441
1,-30,191
0,3564,62441
1,-26,171
0,3564,62441
1,-26,166
0,3564,62441
1,14,539
0,3564,62441
1,15,534
0,3564,62441
1,17,529
0,3564,62441
1,19,533
0,3564,62441
1,22,538
0,3564,62441
1,23,538
0,3564,62441
1,22,549
0,4,217
1,22,549
0,4,217
1,22,551
0,4,217
1,22,549
0,6,213
1,22,549
0,6,208
1,22,549
0,7,210
1,22,549
0,9,192
1,22,549
0,11,199
1,22,549
0,11,194
1,22,549
0,10,176
1,22,549
0,10,135
1,22,549
0,10,135
1,22,549
0,11,166
1,22,549
0,12,119
1,22,549
0,12,119
1,22,549
0,11,161
1,22,549
0,12,168
1,22,549
0,15,231
1,22,549
0,14,239
1,22,549
0,14,239
1,22,549
0,15,236
1,22,549
0,16,232
1,22,549
0,18,209
1,22,549
0,17,207
1,22,549
0,18,214
1,22,549
0,14,170
1,22,549
0,16,5
1,22,549
0,18,46
1,22,549
0,19,32
1,22,549
0,20,-38
1,22,549
0,21,65
1,22,549
0,19,154
1,22,549
0,15,221
1,22,549
0,19,230
1,22,549
0,20,130
1,22,549
0,18,53
1,22,549
0,15,-20
1,22,549
0,13,38
1,22,549
0,15,104
1,22,549
0,16,-62
1,22,549
0,11,-106
1,22,549
0,12,-165
1,22,549
0,10,-199
1,22,549
0,14,-250
1,22,549
0,13,-253
1,22,549
0,7,-311
1,22,549
0,7,-324
1,22,549
0,7,-337
1,22,549
0,8,-392
1,22,549
0,2,-432
1,22,549
0,-4,-458
1,22,549
0,-6,-477
1,22,549
0,-4,-458
1,22,549
0,-4,-489
1,22,549
0,0,-466
1,22,549
0,-2,-486
1,22,549
0,-2,-486
1,22,549
0,-2,-470
1,22,549
0,-10,-454
1,22,549
0,-13,-522
1,22,549
0,-14,-728
1,22,549
0,-15,-816
1,22,549
0,-35,-928
1,22,549
0,-38,-960
1,22,549
0,-37,-794
1,22,549
0,-35,-812
1,22,549
0,-14,-647
1,22,549
0,-9,-354
1,22,549
0,-12,-413
1,22,549
0,-27,-272
1,22,549
0,-29,-360
1,22,549
0,-34,-496
1,22,549
0,-30,-416
1,22,549
0,-35,-580
1,22,549
0,-33,-480
1,22,549
0,-34,-318
1,22,549
0,-44,-765
1,22,549
0,-48,-838
1,22,549
0,-57,-878
1,22,549
0,-56,-690
1,22,549
0,-68,-1048
1,22,549
0,-63,-986
1,22,549
0,-71,-1054
1,22,549
0,-76,-1208
1,22,549
0,-76,-1208
1,22,549
0,-82,-1223
1,22,549
0,-86,-1327
1,22,549
0,-85,-1291
1,22,549
0,-74,-1144
1,22,549
0,-63,-1180
1,22,549
0,-65,-1155
1,22,549
0,-69,-1194
1,22,549
0,-71,-1138
1,22,549
0,-70,-1107
1,22,549
0,-73,-1201
1,22,549
0,-91,-1775
1,22,549
0,-111,-1827
1,22,549
0,-113,-1881
1,22,549
0,-117,-1796
1,22,549
0,-122,-1903
1,22,549
0,-129,-2079
1,22,549
0,-120,-1849
1,22,549
0,-129,-2079
1,22,549
0,-144,-2235
1,22,549
0,-147,-2304
1,22,549
0,-136,-2155
1,22,549
0,-133,-2091
1,22,549
0,-155,-2391
1,22,549
0,-170,-2435
1,22,549
0,-176,-2663
1,22,549
0,-176,-2663
1,22,549
0,-183,-2610
1,22,549
0,-287,-3535
1,22,549
0,-332,-4149
1,22,549
0,-348,-4209
1,22,549
0,-338,-4045
1,22,549
0,-389,-4947
1,22,549
0,-366,-4699
1,22,549
0,-252,-3049
1,22,549
0,-441,-5146
1,22,549
0,-451,-5187
1,22,549
0,-531,-6302
1,22,549
0,-495,-5357
1,22,549
0,-495,-5357
1,22,549
0,-515,-5615
1,22,549
0,-515,-5615
1,22,549
0,-549,-5946
1,22,549
0,-627,-6962
1,22,549
0,-627,-6962
1,22,549
0,-929,-10478
1,22,549
0,-929,-10478
1,22,549
0,-929,-10478
1,22,549
0,-512,-5089
1,22,549
0,-684,-6722
1,22,549
0,-684,-6722
1,-698,-10647
0,-613,-6008
1,-698,-10647
0,-626,-6059
1,-653,-10379
0,-820,-8408
1,-726,-11386
0,-820,-8408
1,-785,-12403
0,-820,-8408
1,-886,-13814
0,-820,-8408
1,-973,-15286
0,-820,-8408
1,-918,-14033
0,-820,-8408
1,-886,-13814
0,-820,-8408
1,-918,-14033
0,-820,-8408
1,-886,-13814
0,-820,-8408
1,-1122,-17404
0,-820,-8408
1,-1368,-20584
0,-820,-8408
1,-1086,-16103
0,-820,-8408
1,-1443,-22704
0,-820,-8408
1,-1850,-28219
0,-820,-8408
1,-2685,-42315
0,-820,-8408
1,-1850,-28219
0,-820,-8408
1,-2241,-31846
0,-820,-8408
1,-1715,-25064
0,-820,-8408
1,-2368,-35708
0,-820,-8408
1,-2499,-37019
0,-820,-8408
1,-2855,-44146
0,-820,-8408
1,-4600,-69073
0,-820,-8408
1,-2368,-35708
0,-820,-8408
1,-2245,-34482
0,-820,-8408
1,-3038,-46135
0,-820,-8408
1,-2685,-42315
0,-820,-8408
1,-2685,-42315
0,-820,-8408
1,-2529,-40624
0,-820,-8408
1,-2022,-32255
0,-820,-8408
1,-1382,-22177
0,-820,-8408
1,-2529,-40624
0,-820,-8408
1,-2685,-42315
0,-820,-8408
1,-1573,-23830
0,-820,-8408
1,-1850,-28219
0,-820,-8408
1,-1368,-20584
0,-820,-8408
1,-1080,-17080
0,-820,-8408
1,-657,-11561
0,-820,-8408
1,-657,-11561
0,-820,-8408
1,-480,-10400
0,-820,-8408
1,-642,-18482
0,-820,-8408
1,-185,-5926
0,-820,-8408
1,-148,-5491
0,-820,-8408
1,-87,-4394
0,-820,-8408
1,-46,-3897
0,-820,-8408
1,-18,-3641
0,-820,-8408
1,-13,-4076
0,-820,-8408
1,0,-3432
0,-820,-8408
1,41,-2221
0,-820,-8408
1,45,-1881
0,-820,-8408
1,45,-1881
0,-820,-8408
1,7,-1524
0,-820,-8408
1,-10,-1616
0,-820,-8408
1,-10,-1616
0,-820,-8408
1,-10,-1616
0,-820,-8408
1,-10,-1616
0,-820,-8408
1,-10,-1616
0,-322,-3093
1,-10,-1616
0,-322,-3093
1,-10,-1616
0,-322,-3093
1,-10,-1616
0,-322,-3093
1,-10,-1616
0,-322,-3093
1,-10,-1616
0,-322,-3093
1,-10,-1616
0,-322,-3093
1,-10,-1616
0,-322,-3093
1,-10,-1616
0,-322,-3093
1,-10,-1616
0,-322,-3093
1,-10,-1616
0,-322,-3093
1,-10,-1616
0,-322,-3093
1,-10,-1616
0,-322,-3093
1,-10,-1616
0,-322,-3093
1,-10,-1616
0,-322,-3093
1,-10,-1616
0,-322,-3093
1,-10,-1616
0,-322,-3093
1,-10,-1616
0,-322,-3093
1,-10,-1616
0,-322,-3093
1,-10,-1616
0,-322,-3093
1,-10,-1616
0,-322,-3093
1,-10,-1616
0,-322,-3093
1,-10,-1616
0,-322,-3093
1,-10,-1616
0,-322,-3093
1,-10,-1616
0,-322,-3093
1,-10,-1616
0,-322,-3093
1,-10,-1616
0,-322,-3093
1,-10,-1616
0,-322,-3093
1,-10,-1616
0,-322,-3093
1,-25,279
0,-322,-3093
1,-25,279
0,-322,-3093
1,-25,279
0,-322,-3093
1,-25,279
0,-322,-3093
1,-25,279
0,-322,-3093
1,-25,279
0,-322,-3093
1,-25,279
0,-322,-3093
1,-25,279
0,-322,-3093
1,-25,279
0,181,785
0,192,793
0,195,789
0,193,793
0,194,794
0,196,792
0,195,795
0,197,797
0,200,795
0,197,801
0,194,810
0,194,810
0,197,820
0,199,819
0,195,826
0,190,816
0,200,822
0,209,813
0,201,826
0,188,822
0,195,837
0,192,820
0,191,823
0,193,822
0,195,822
0,198,821
0,197,824
0,198,826
0,199,827
0,200,832
0,198,836
0,198,837
0,199,836
0,198,838
0,200,838
0,200,838
0,199,842
0,201,842
0,202,843
0,202,844
0,202,845
0,204,843
0,204,843
0,205,844
0,203,845
0,206,844
0,205,845
0,205,845
0,204,847
0,206,844
0,205,844
0,204,843
0,201,843
0,201,839
0,200,840
0,198,839
0,198,837
0,198,834
0,196,834
0,196,832
0,195,832
0,194,832
0,194,833
0,192,834
0,192,832
0,193,830
0,193,827
0,191,825
0,191,826
0,192,823
0,190,822
0,189,820
0,191,818
0,191,818
0,174,809
0,179,807
0,179,802
0,178,805
0,173,808
0,190,826
0,260,790
0,260,790
0,260,790
0,260,790
0,260,790
0,260,790
0,260,790
0,260,790
0,260,790
0,260,790
0,260,790
0,260,790
0,254,745
0,254,741
0,252,739
0,254,731
0,253,729
0,251,728
0,252,725
0,250,723
0,251,719
0,250,718
0,248,718
0,248,718
0,258,702
0,258,702
0,261,696
0,258,702
0,259,698
0,259,700
0,260,696
0,260,694
0,259,693
0,255,699
0,257,696
0,261,690
0,264,688
0,263,687
0,262,688
0,263,684
0,263,681
0,263,678
0,262,677
0,264,677
0,263,676
0,264,674
0,265,672
0,265,672
0,268,670
0,269,671
0,270,672
0,272,653
0,279,645
0,280,644
0,282,643
0,280,644
0,283,640
0,286,637
0,284,638
0,284,638
0,283,640
0,285,639
0,286,640
0,288,639
0,290,635
0,293,631
0,292,633
0,293,628
0,294,632
0,293,628
0,292,631
0,291,633
0,291,633
0,291,629
0,289,631
0,289,631
0,291,629
0,291,630
0,290,632
0,289,631
0,289,631
0,289,631
0,289,631
0,286,634
0,286,633
0,286,630
0,289,630
0,290,628
0,291,629
0,290,628
0,291,629
0,291,629
0,291,629
0,289,631
0,289,630
0,287,631
0,286,630
0,287,628
0,290,624
0,294,618
0,293,617
0,292,620
0,292,620
0,291,619
0,291,618
0,289,620
0,289,620
0,289,620
0,289,620
0,289,620
0,289,620
0,290,621
0,290,621
0,291,619
0,290,621
0,291,622
0,290,621
0,290,621
0,290,621
0,291,622
0,290,621
0,289,623
0,289,623
0,292,620
0,291,619
0,291,619
0,296,616
0,291,619
0,296,613
0,296,616
0,296,616
0,298,612
0,291,622
0,297,614
0,297,614
0,297,614
0,297,614
0,296,616
0,297,614
0,289,623
0,290,621
0,290,621
0,297,614
0,295,615
0,289,623
0,289,620
0,289,620
0,289,620
0,299,606
0,301,604
0,304,600
0,299,606
0,302,601
0,303,599
0,303,599
0,304,595
0,304,595
